date,symbol,open,high,low,close,volume,turnover
2024-01-02,600519.SH,1608.68,1611.87,1571.78,1578.69,32156.0,5440082548.0
2024-01-03,600519.SH,1574.79,1588.9,1570.01,1587.68,20229.0,3411400667.0
2024-01-04,600519.SH,1586.68,1586.68,1556.61,1562.68,21551.0,3603970147.0
2024-01-05,600519.SH,1555.01,1572.34,1545.79,1557.04,20243.0,3373155627.0
2024-01-08,600519.SH,1554.68,1555.68,1533.69,1537.67,25586.0,4211918629.0
2024-01-09,600519.SH,1534.69,1546.0,1528.75,1534.68,24412.0,4009826496.0
2024-01-10,600519.SH,1534.78,1553.14,1531.68,1535.18,17351.0,2856120718.0
2024-01-11,600519.SH,1533.78,1551.62,1531.74,1540.25,16441.0,2708764500.0
2024-01-12,600519.SH,1533.65,1544.94,1533.08,1536.74,11603.0,1908084612.0
2024-01-15,600519.SH,1528.68,1548.65,1528.13,1533.68,17854.0,2931202343.0
2024-01-16,600519.SH,1532.18,1540.68,1518.62,1533.11,25903.0,4236042960.0
2024-01-17,600519.SH,1523.68,1529.16,1470.68,1470.68,51633.0,8251735591.0
2024-01-18,600519.SH,1467.68,1506.48,1449.23,1504.55,60440.0,9566349514.0
2024-01-19,600519.SH,1502.55,1531.69,1494.56,1528.68,46378.0,7550144389.0
2024-01-22,600519.SH,1522.68,1536.68,1512.56,1535.68,46946.0,7678297836.0
2024-01-23,600519.SH,1525.69,1533.63,1502.68,1512.68,34835.0,5659457115.0
2024-01-24,600519.SH,1522.68,1527.52,1497.24,1519.68,33216.0,5373603703.0
2024-01-25,600519.SH,1520.5,1534.68,1515.68,1531.68,31206.0,5094508165.0
2024-01-26,600519.SH,1524.04,1537.78,1516.68,1531.0,26955.0,4402111882.0
2024-01-29,600519.SH,1533.98,1554.26,1533.97,1543.68,31421.0,5189014946.0
2024-01-30,600519.SH,1543.66,1543.66,1503.68,1506.68,30866.0,5010784454.0
2024-01-31,600519.SH,1506.68,1513.65,1491.81,1498.59,29649.0,4770104891.0
2024-02-01,600519.SH,1499.18,1517.57,1494.68,1503.71,26485.0,4272298576.0
2024-02-02,600519.SH,1508.68,1521.46,1474.68,1489.68,39382.0,6336691194.0
2024-02-05,600519.SH,1489.68,1531.12,1488.93,1523.69,53130.0,8590683071.0
2024-02-06,600519.SH,1523.69,1579.16,1519.78,1569.68,52472.0,8740646588.0
2024-02-07,600519.SH,1574.71,1608.27,1555.29,1604.67,52601.0,8899606867.0
2024-02-08,600519.SH,1613.69,1618.68,1578.68,1599.68,46757.0,7953438044.0
2024-02-19,600519.SH,1631.55,1631.61,1581.68,1589.11,36977.0,6288277980.0
2024-02-20,600519.SH,1591.04,1591.04,1550.24,1563.68,34470.0,5755266893.0
2024-02-21,600519.SH,1559.7,1624.68,1555.68,1611.34,46154.0,7868784082.0
2024-02-22,600519.SH,1601.18,1616.69,1594.21,1612.06,22794.0,3905984695.0
2024-02-23,600519.SH,1604.79,1618.06,1593.7,1607.77,27306.0,4670706950.0
2024-02-26,600519.SH,1601.68,1602.42,1578.7,1588.66,27318.0,4625594409.0
2024-02-27,600519.SH,1576.68,1586.6,1571.68,1583.18,22080.0,3718478358.0
2024-02-28,600519.SH,1582.6,1590.25,1567.69,1575.23,31867.0,5371312847.0
2024-02-29,600519.SH,1575.23,1590.18,1572.88,1588.68,24758.0,4184917973.0
2024-03-01,600519.SH,1583.68,1588.65,1570.36,1578.74,26868.0,4526845398.0
2024-03-04,600519.SH,1572.68,1574.67,1563.73,1569.98,26485.0,4434401015.0
2024-03-05,600519.SH,1564.49,1590.68,1560.36,1588.78,36238.0,6102136582.0
2024-03-06,600519.SH,1584.68,1588.68,1571.7,1574.23,22142.0,3725582802.0
2024-03-07,600519.SH,1573.68,1583.48,1571.68,1577.31,21599.0,3633934774.0
2024-03-08,600519.SH,1574.24,1580.36,1563.73,1565.11,22156.0,3710678522.0
2024-03-11,600519.SH,1568.68,1592.56,1566.86,1588.17,29895.0,5048394347.0
2024-03-12,600519.SH,1587.62,1642.78,1584.18,1638.68,54227.0,9393309052.0
2024-03-13,600519.SH,1633.65,1641.68,1613.78,1621.13,26500.0,4588879420.0
2024-03-14,600519.SH,1612.68,1628.52,1605.18,1610.31,19405.0,3338768308.0
2024-03-15,600519.SH,1606.18,1626.08,1605.68,1611.17,17834.0,3066692399.0
2024-03-18,600519.SH,1608.68,1613.53,1592.68,1601.94,26055.0,4446059130.0
2024-03-19,600519.SH,1596.68,1613.62,1586.79,1601.7,23948.0,4093701261.0
2024-03-20,600519.SH,1597.04,1607.36,1593.91,1603.28,15249.0,2604543856.0
2024-03-21,600519.SH,1601.78,1612.68,1598.18,1602.68,16596.0,2839332631.0
2024-03-22,600519.SH,1598.71,1602.67,1581.68,1595.03,25456.0,4318592818.0
2024-03-25,600519.SH,1592.22,1592.45,1574.26,1582.69,24473.0,4131446237.0
2024-03-26,600519.SH,1581.14,1606.48,1581.14,1602.97,28069.0,4782899074.0
2024-03-27,600519.SH,1598.68,1605.68,1592.68,1594.68,18113.0,3087792980.0
2024-03-28,600519.SH,1588.68,1611.68,1586.88,1595.32,24642.0,4201857059.0
2024-03-29,600519.SH,1595.32,1604.67,1591.78,1596.58,13457.0,2290584417.0
2024-04-01,600519.SH,1603.67,1627.68,1602.38,1615.01,27131.0,4679371035.0
2024-04-02,600519.SH,1615.68,1618.67,1598.73,1607.67,25449.0,4360973684.0
2024-04-03,600519.SH,1627.68,1633.12,1603.7,1608.79,29046.0,5002390042.0
2024-04-08,600519.SH,1588.68,1589.68,1556.28,1560.34,59167.0,9907355766.0
2024-04-09,600519.SH,1554.35,1566.68,1552.13,1555.9,25590.0,4256226333.0
2024-04-10,600519.SH,1555.95,1558.67,1538.68,1541.66,27631.0,4562853880.0
2024-04-11,600519.SH,1533.79,1543.68,1528.37,1541.68,22766.0,3736417595.0
2024-04-12,600519.SH,1544.68,1557.68,1527.71,1527.71,26744.0,4403968129.0
2024-04-15,600519.SH,1528.69,1569.29,1528.66,1566.66,35818.0,5960815532.0
2024-04-16,600519.SH,1559.17,1573.24,1552.68,1563.68,26266.0,4382796962.0
2024-04-17,600519.SH,1561.68,1568.88,1551.68,1560.68,24819.0,4130322018.0
2024-04-18,600519.SH,1552.69,1576.66,1551.86,1564.46,26568.0,4445487745.0
2024-04-19,600519.SH,1554.46,1562.18,1534.96,1540.32,23500.0,3879233242.0
2024-04-22,600519.SH,1547.68,1572.56,1538.68,1568.74,29951.0,5001684635.0
2024-04-23,600519.SH,1568.68,1588.68,1568.68,1585.96,24980.0,4217855279.0
2024-04-24,600519.SH,1590.66,1593.59,1577.01,1587.28,17086.0,2893555635.0
2024-04-25,600519.SH,1584.01,1589.28,1575.93,1586.72,14476.0,2447183879.0
2024-04-26,600519.SH,1587.68,1607.68,1587.66,1603.11,30996.0,5290248521.0
2024-04-29,600519.SH,1590.63,1621.68,1587.5,1597.68,41332.0,7072096590.0
2024-04-30,600519.SH,1598.69,1623.56,1598.68,1598.68,30760.0,5273902374.0
2024-05-06,600519.SH,1627.65,1658.68,1620.68,1653.88,59909.0,10504351712.0
2024-05-07,600519.SH,1659.47,1671.48,1650.36,1663.68,24925.0,4413196426.0
2024-05-08,600519.SH,1663.37,1663.65,1649.35,1657.65,14769.0,2603293863.0
2024-05-09,600519.SH,1651.68,1658.66,1643.68,1649.68,22387.0,3929804849.0
2024-05-10,600519.SH,1654.78,1661.56,1627.67,1632.66,26207.0,4571398242.0
2024-05-13,600519.SH,1625.7,1626.34,1594.9,1599.68,37662.0,6435415674.0
2024-05-14,600519.SH,1599.67,1606.95,1593.69,1595.66,21274.0,3623282672.0
2024-05-15,600519.SH,1596.26,1601.68,1592.27,1593.68,15739.0,2677203002.0
2024-05-16,600519.SH,1598.68,1603.56,1583.68,1598.18,29680.0,5048754769.0
2024-05-17,600519.SH,1593.69,1610.26,1593.68,1608.68,28924.0,4936920634.0
2024-05-20,600519.SH,1611.67,1626.67,1601.79,1602.68,31426.0,5401389335.0
2024-05-21,600519.SH,1601.68,1603.41,1591.84,1598.68,16293.0,2776847499.0
2024-05-22,600519.SH,1596.68,1603.64,1584.68,1591.39,20286.0,3443977767.0
2024-05-23,600519.SH,1593.68,1600.06,1583.76,1585.69,18885.0,3199923320.0
2024-05-24,600519.SH,1586.68,1588.68,1570.68,1570.76,20217.0,3401323915.0
2024-05-27,600519.SH,1571.68,1581.13,1561.69,1563.8,25098.0,4199001866.0
2024-05-28,600519.SH,1564.08,1568.85,1556.68,1558.32,23521.0,3923020375.0
2024-05-29,600519.SH,1559.68,1573.68,1558.68,1567.68,19651.0,3289173345.0
2024-05-30,600519.SH,1568.68,1569.06,1542.68,1542.68,32208.0,5333306808.0
2024-05-31,600519.SH,1544.18,1557.18,1542.13,1542.13,21857.0,3617654788.0
2024-06-03,600519.SH,1543.68,1544.6,1528.79,1533.07,30261.0,4966041477.0
2024-06-04,600519.SH,1534.18,1549.68,1530.23,1546.88,20841.0,3432497303.0
2024-06-05,600519.SH,1545.68,1552.36,1536.71,1537.68,19056.0,3140824328.0
2024-06-06,600519.SH,1537.34,1545.67,1529.59,1533.49,25610.0,4205700983.0
2024-06-07,600519.SH,1539.81,1539.86,1512.69,1512.86,33525.0,5453120695.0
2024-06-11,600519.SH,1496.67,1498.68,1460.68,1462.68,70247.0,11090577610.0
2024-06-12,600519.SH,1463.68,1483.68,1463.68,1465.36,33171.0,5230086503.0
2024-06-13,600519.SH,1470.45,1470.57,1446.83,1448.69,36186.0,5654938942.0
2024-06-14,600519.SH,1448.68,1457.64,1414.14,1448.68,59514.0,9177637168.0
2024-06-17,600519.SH,1425.97,1442.45,1404.69,1435.18,48318.0,7400883243.0
2024-06-18,600519.SH,1424.57,1448.22,1410.36,1415.18,41258.0,6317590943.0
2024-06-19,600519.SH,1422.55,1428.56,1406.66,1425.56,41262.0,6167728416.0
2024-06-20,600519.SH,1424.56,1440.57,1422.56,1424.66,24711.0,3715924984.0
2024-06-21,600519.SH,1425.06,1429.54,1394.78,1395.56,43320.0,6418543742.0
2024-06-24,600519.SH,1347.56,1413.55,1338.57,1401.11,63840.0,9319362390.0
2024-06-25,600519.SH,1401.56,1427.55,1401.56,1411.21,42098.0,6273919386.0
2024-06-26,600519.SH,1404.56,1425.63,1402.36,1413.78,29570.0,4414601922.0
2024-06-27,600519.SH,1416.56,1418.53,1392.56,1415.05,32822.0,4857959457.0
2024-06-28,600519.SH,1404.56,1419.05,1388.56,1391.95,38582.0,5699649047.0
2024-07-01,600519.SH,1393.44,1397.55,1352.56,1364.94,32161.0,4636689118.0
2024-07-02,600519.SH,1357.56,1422.56,1357.56,1415.26,51853.0,7659166816.0
2024-07-03,600519.SH,1423.56,1437.57,1412.58,1424.56,31573.0,4740808130.0
2024-07-04,600519.SH,1429.56,1436.56,1405.69,1410.3,24380.0,3637968895.0
2024-07-05,600519.SH,1403.56,1417.74,1374.56,1377.56,38829.0,5664477336.0
2024-07-08,600519.SH,1367.56,1382.33,1343.7,1344.56,39527.0,5657951348.0
2024-07-09,600519.SH,1344.56,1379.45,1334.66,1362.59,33621.0,4807957927.0
2024-07-10,600519.SH,1363.81,1390.44,1359.56,1362.15,23763.0,3436693365.0
2024-07-11,600519.SH,1374.53,1393.56,1364.77,1386.65,29020.0,4236960596.0
2024-07-12,600519.SH,1397.57,1410.96,1390.01,1403.38,23386.0,3451132648.0
2024-07-15,600519.SH,1394.56,1412.56,1394.56,1399.46,19176.0,2835374730.0
2024-07-16,600519.SH,1400.56,1406.56,1389.61,1400.56,20316.0,2998367128.0
2024-07-17,600519.SH,1400.66,1427.56,1394.58,1425.96,34311.0,5115680654.0
2024-07-18,600519.SH,1424.06,1439.56,1417.09,1422.07,28870.0,4337214601.0
2024-07-19,600519.SH,1415.37,1453.74,1408.57,1450.18,38943.0,5888615145.0
2024-07-22,600519.SH,1449.59,1454.54,1416.21,1423.56,28543.0,4300813310.0
2024-07-23,600519.SH,1423.56,1425.56,1379.56,1379.56,30944.0,4555460198.0
2024-07-24,600519.SH,1374.76,1388.26,1359.56,1364.58,24123.0,3490200973.0
2024-07-25,600519.SH,1364.58,1372.56,1344.57,1355.05,28347.0,4054086714.0
2024-07-26,600519.SH,1355.05,1362.28,1335.46,1346.75,32354.0,4594928574.0
2024-07-29,600519.SH,1339.56,1346.55,1322.56,1322.58,30869.0,4342610100.0
2024-07-30,600519.SH,1310.54,1314.83,1285.86,1304.55,51779.0,7103491566.0
2024-07-31,600519.SH,1297.66,1351.83,1297.66,1345.84,43272.0,6098149721.0
2024-08-01,600519.SH,1342.56,1344.56,1309.26,1310.72,32038.0,4470988088.0
2024-08-02,600519.SH,1298.16,1321.53,1298.16,1310.01,21928.0,3041726372.0
2024-08-05,600519.SH,1313.44,1350.56,1310.08,1334.57,37736.0,5327127147.0
2024-08-06,600519.SH,1346.56,1348.56,1318.57,1329.26,27444.0,3860735014.0
2024-08-07,600519.SH,1330.06,1346.55,1322.86,1340.06,20622.0,2910580747.0
2024-08-08,600519.SH,1335.56,1372.74,1333.56,1355.25,25131.0,3592705430.0
2024-08-09,600519.SH,1384.59,1393.56,1361.36,1361.36,30138.0,4368705515.0
2024-08-12,600519.SH,1354.56,1367.56,1351.14,1360.66,13632.0,1956573438.0
2024-08-13,600519.SH,1357.56,1359.56,1336.57,1347.57,16308.0,2317037756.0
2024-08-14,600519.SH,1347.57,1349.46,1336.58,1337.86,13414.0,1898377426.0
2024-08-15,600519.SH,1329.59,1360.55,1328.51,1351.45,23039.0,3275699572.0
2024-08-16,600519.SH,1351.35,1360.48,1341.57,1355.76,16455.0,2349825846.0
2024-08-19,600519.SH,1356.56,1383.44,1349.56,1350.0,20433.0,2942106435.0
2024-08-20,600519.SH,1354.46,1354.49,1338.56,1347.28,18591.0,2644814344.0
2024-08-21,600519.SH,1344.56,1352.54,1340.25,1342.14,15092.0,2144746551.0
2024-08-22,600519.SH,1340.56,1344.56,1324.57,1334.61,19527.0,2750868073.0
2024-08-23,600519.SH,1332.56,1348.06,1330.68,1339.55,15320.0,2166499202.0
2024-08-26,600519.SH,1341.56,1348.42,1327.71,1336.56,15628.0,2207595461.0
2024-08-27,600519.SH,1336.56,1337.56,1325.67,1328.63,13657.0,1920770570.0
2024-08-28,600519.SH,1328.63,1330.56,1299.56,1313.56,31664.0,4388025875.0
2024-08-29,600519.SH,1304.56,1342.56,1304.56,1337.86,27472.0,3864270621.0
2024-08-30,600519.SH,1337.56,1382.63,1329.56,1367.75,38739.0,5576118649.0
2024-09-02,600519.SH,1354.56,1362.56,1319.56,1319.56,34135.0,4801049927.0
2024-09-03,600519.SH,1322.56,1339.54,1317.58,1334.56,17888.0,2516125842.0
2024-09-04,600519.SH,1326.56,1343.75,1324.3,1324.56,14211.0,1995221417.0
2024-09-05,600519.SH,1325.06,1331.56,1321.56,1329.44,14503.0,2033680839.0
2024-09-06,600519.SH,1329.56,1330.56,1322.56,1322.56,10321.0,1445537257.0
2024-09-09,600519.SH,1304.57,1318.27,1294.64,1299.56,28638.0,3950086825.0
2024-09-10,600519.SH,1294.58,1317.56,1294.58,1302.56,19803.0,2737295644.0
2024-09-11,600519.SH,1300.16,1310.44,1289.56,1304.56,20996.0,2892932794.0
2024-09-12,600519.SH,1304.56,1309.56,1259.47,1259.62,47948.0,6482445000.0
2024-09-13,600519.SH,1255.56,1256.56,1221.86,1228.69,56005.0,7329376917.0
2024-09-18,600519.SH,1224.56,1224.57,1191.22,1191.46,46185.0,5895948011.0
2024-09-19,600519.SH,1186.56,1217.44,1170.39,1185.56,59988.0,7623739997.0
2024-09-20,600519.SH,1186.06,1198.46,1174.59,1188.48,39982.0,5038507835.0
2024-09-23,600519.SH,1192.56,1218.06,1185.22,1186.1,45550.0,5809791682.0
2024-09-24,600519.SH,1209.65,1297.56,1189.65,1297.16,100413.0,13297277523.0
2024-09-25,600519.SH,1324.61,1351.56,1321.27,1323.56,73954.0,10420109655.0
2024-09-26,600519.SH,1324.52,1454.43,1320.56,1453.56,97278.0,14269262657.0
2024-09-27,600519.SH,1524.56,1553.76,1489.92,1553.76,87922.0,14050260569.0
2024-09-30,600519.SH,1616.56,1684.44,1576.56,1672.56,157293.0,26982747037.0
2024-10-08,600519.SH,1834.56,1834.56,1604.74,1647.56,194709.0,35114075007.0
2024-10-09,600519.SH,1624.56,1624.56,1514.56,1519.71,120197.0,19708432734.0
2024-10-10,600519.SH,1546.82,1592.64,1515.56,1564.56,74603.0,12198964035.0
2024-10-11,600519.SH,1539.96,1564.52,1514.56,1529.55,41915.0,6764982707.0
2024-10-14,600519.SH,1537.56,1545.19,1505.73,1526.55,44812.0,7181350822.0
2024-10-15,600519.SH,1523.56,1525.55,1477.57,1478.81,43571.0,6884141869.0
2024-10-16,600519.SH,1465.44,1474.36,1434.56,1447.06,46664.0,7140169692.0
2024-10-17,600519.SH,1461.56,1462.22,1417.97,1419.16,39460.0,5964778958.0
2024-10-18,600519.SH,1417.56,1492.4,1403.52,1465.56,68619.0,10418043492.0
2024-10-21,600519.SH,1465.77,1474.53,1445.77,1453.36,42008.0,6433918335.0
2024-10-22,600519.SH,1451.12,1484.74,1448.76,1467.56,36269.0,5607826492.0
2024-10-23,600519.SH,1468.67,1501.51,1456.56,1492.06,40088.0,6259600035.0
2024-10-24,600519.SH,1485.56,1499.56,1469.57,1476.76,23923.0,3723973209.0
2024-10-25,600519.SH,1471.56,1499.35,1470.57,1483.41,27745.0,4328271351.0
2024-10-28,600519.SH,1484.56,1489.56,1446.79,1489.56,39121.0,6064453668.0
2024-10-29,600519.SH,1484.56,1504.56,1454.56,1456.18,41166.0,6368105233.0
2024-10-30,600519.SH,1449.56,1475.75,1447.97,1456.56,32006.0,4913175983.0
2024-10-31,600519.SH,1456.71,1464.56,1444.56,1452.35,29957.0,4575545180.0
2024-11-01,600519.SH,1445.56,1469.69,1445.36,1458.31,32284.0,4954302212.0
2024-11-04,600519.SH,1469.49,1474.56,1452.62,1472.76,29093.0,4481761764.0
2024-11-05,600519.SH,1464.56,1502.26,1460.57,1501.55,45640.0,7134443464.0
2024-11-06,600519.SH,1499.56,1513.55,1485.78,1495.56,37631.0,5916917616.0
2024-11-07,600519.SH,1487.02,1578.06,1486.86,1573.7,74739.0,12074951757.0
2024-11-08,600519.SH,1585.45,1591.67,1525.57,1534.53,60771.0,9885645907.0
2024-11-11,600519.SH,1514.56,1534.51,1491.75,1522.57,43854.0,6957095385.0
2024-11-12,600519.SH,1513.56,1547.56,1498.51,1501.76,49223.0,7844798676.0
2024-11-13,600519.SH,1492.56,1511.22,1485.84,1503.06,29125.0,4594445032.0
2024-11-14,600519.SH,1494.56,1519.01,1490.21,1498.36,29248.0,4617144097.0
2024-11-15,600519.SH,1493.56,1508.36,1477.56,1483.56,33761.0,5295326892.0
2024-11-18,600519.SH,1486.56,1500.55,1479.56,1483.56,27092.0,4237197499.0
2024-11-19,600519.SH,1489.56,1493.93,1449.56,1466.48,33266.0,5138831155.0
2024-11-20,600519.SH,1467.56,1478.53,1455.86,1469.37,21345.0,3292675257.0
2024-11-21,600519.SH,1468.43,1473.55,1456.56,1469.69,18262.0,2810933515.0
2024-11-22,600519.SH,1465.71,1472.33,1432.38,1432.38,33436.0,5107288992.0
2024-11-25,600519.SH,1435.56,1456.56,1421.23,1423.13,33186.0,5011136234.0
2024-11-26,600519.SH,1423.13,1443.44,1413.44,1433.56,25745.0,3876885984.0
2024-11-27,600519.SH,1433.56,1446.71,1429.56,1443.61,25934.0,3927607772.0
2024-11-28,600519.SH,1446.56,1449.55,1426.56,1442.56,23952.0,3627662382.0
2024-11-29,600519.SH,1441.56,1479.56,1437.77,1450.3,36088.0,5534035503.0
2024-12-02,600519.SH,1450.56,1454.55,1439.66,1449.56,26820.0,4086609952.0
2024-12-03,600519.SH,1448.56,1453.46,1440.64,1451.3,24807.0,3777197199.0
2024-12-04,600519.SH,1444.63,1448.22,1434.56,1444.56,23924.0,3626565544.0
2024-12-05,600519.SH,1435.42,1442.42,1434.56,1435.56,16141.0,2441318387.0
2024-12-06,600519.SH,1437.56,1463.46,1432.63,1445.57,32040.0,4883148600.0
2024-12-09,600519.SH,1446.58,1454.28,1437.76,1443.36,19800.0,3008173586.0
2024-12-10,600519.SH,1494.56,1504.29,1469.74,1471.15,60312.0,9421340719.0
2024-12-11,600519.SH,1464.56,1479.56,1455.54,1460.16,29671.0,4569662604.0
2024-12-12,600519.SH,1456.58,1490.56,1453.56,1490.36,41937.0,6510547810.0
2024-12-13,600519.SH,1474.57,1479.55,1443.44,1443.56,49512.0,7580908315.0
2024-12-16,600519.SH,1445.56,1453.56,1435.27,1451.76,32537.0,4945298799.0
2024-12-17,600519.SH,1450.55,1493.56,1445.57,1482.56,54172.0,8398945449.0
2024-12-18,600519.SH,1482.53,1501.56,1471.66,1496.06,41162.0,6440801971.0
2024-12-19,600519.SH,1489.7,1492.49,1474.89,1475.57,24809.0,3862602665.0
2024-12-20,600519.SH,1479.57,1490.24,1468.46,1470.44,28158.0,4307425535.0
2024-12-23,600519.SH,1471.44,1486.44,1465.44,1474.89,21603.0,3300971424.0
2024-12-24,600519.SH,1473.44,1492.44,1470.03,1487.26,22105.0,3394160299.0
2024-12-25,600519.SH,1487.24,1487.24,1474.54,1478.44,17123.0,2621061878.0
2024-12-26,600519.SH,1482.44,1487.22,1471.44,1476.23,18287.0,2798840003.0
2024-12-27,600519.SH,1477.34,1484.44,1467.94,1477.41,20759.0,3170191445.0
2024-12-30,600519.SH,1482.41,1492.4,1473.44,1473.44,25130.0,3849542646.0
2024-12-31,600519.SH,1473.84,1493.44,1470.45,1472.44,39354.0,6033540366.0
2025-01-02,600519.SH,1472.44,1472.93,1428.44,1436.44,50029.0,7490883773.0
2025-01-03,600519.SH,1442.94,1443.43,1415.45,1423.44,32628.0,4836610288.0
2025-01-06,600519.SH,1401.44,1411.1,1381.24,1388.44,44255.0,6392479712.0
2025-01-07,600519.SH,1393.1,1400.33,1387.44,1388.64,24221.0,3494634227.0
2025-01-08,600519.SH,1388.44,1400.26,1375.1,1390.94,35258.0,5071821246.0
2025-01-09,600519.SH,1397.43,1413.02,1381.42,1392.44,29706.0,4295852736.0
2025-01-10,600519.SH,1395.54,1400.39,1384.44,1384.44,21872.0,3154677598.0
2025-01-13,600519.SH,1373.44,1392.88,1370.45,1392.42,21083.0,3030806870.0
2025-01-14,600519.SH,1393.39,1427.12,1390.44,1420.94,30957.0,4535651504.0
2025-01-15,600519.SH,1415.44,1423.04,1408.45,1419.71,18399.0,2701518712.0
2025-01-16,600519.SH,1422.44,1431.1,1390.44,1394.82,26342.0,3840411437.0
2025-01-17,600519.SH,1394.83,1409.44,1394.82,1403.19,18309.0,2663227309.0
2025-01-20,600519.SH,1409.44,1438.23,1408.44,1423.24,31410.0,4647626351.0
2025-01-21,600519.SH,1429.44,1430.44,1413.44,1416.59,16856.0,2481821229.0
2025-01-22,600519.SH,1411.71,1416.39,1386.44,1389.44,28294.0,4088101682.0
2025-01-23,600519.SH,1398.41,1416.44,1386.44,1391.44,27125.0,3932700850.0
2025-01-24,600519.SH,1390.44,1396.23,1378.75,1384.44,31360.0,4515322685.0
2025-01-27,600519.SH,1385.44,1392.41,1375.46,1383.43,29356.0,4213534543.0
2025-02-05,600519.SH,1388.44,1391.44,1350.65,1352.24,40757.0,5753730034.0
2025-02-06,600519.SH,1348.45,1370.43,1348.45,1361.28,27356.0,3859568163.0
2025-02-07,600519.SH,1362.12,1391.12,1351.85,1384.44,37242.0,5310850624.0
2025-02-10,600519.SH,1386.44,1388.44,1375.53,1379.95,20840.0,2988101756.0
2025-02-11,600519.SH,1383.39,1384.4,1364.34,1366.44,23573.0,3348668867.0
2025-02-12,600519.SH,1366.44,1393.44,1365.32,1391.44,25476.0,3644170477.0
2025-02-13,600519.SH,1391.46,1423.69,1382.95,1413.5,43385.0,6335985851.0
2025-02-14,600519.SH,1413.5,1425.44,1406.66,1423.44,27100.0,3978694098.0
2025-02-17,600519.SH,1429.44,1443.42,1415.54,1420.06,32471.0,4804663813.0
2025-02-18,600519.SH,1418.44,1441.43,1410.52,1423.44,27800.0,4113845397.0
2025-02-19,600519.SH,1423.49,1442.88,1413.34,1439.44,32393.0,4803378441.0
2025-02-20,600519.SH,1431.44,1440.41,1421.83,1422.44,23750.0,3513552984.0
2025-02-21,600519.SH,1428.44,1445.17,1421.45,1436.65,36418.0,5418169587.0
2025-02-24,600519.SH,1436.44,1447.96,1422.44,1427.51,34744.0,5157907322.0
2025-02-25,600519.SH,1418.45,1421.83,1400.44,1402.44,28387.0,4142814459.0
2025-02-26,600519.SH,1403.89,1413.4,1393.44,1408.45,26366.0,3835949041.0
2025-02-27,600519.SH,1408.46,1438.34,1402.44,1434.0,49762.0,7368002361.0
2025-02-28,600519.SH,1433.94,1476.82,1430.44,1449.23,56129.0,8475738166.0
2025-03-03,600519.SH,1451.04,1469.43,1429.94,1435.46,31596.0,4736679903.0
2025-03-04,600519.SH,1433.44,1434.44,1413.65,1418.55,25211.0,3710675863.0
2025-03-05,600519.SH,1420.44,1422.44,1408.54,1414.81,24605.0,3606932152.0
2025-03-06,600519.SH,1422.44,1458.64,1420.52,1454.42,42168.0,6297117400.0
2025-03-07,600519.SH,1451.44,1476.8,1451.44,1469.44,37991.0,5760608729.0
2025-03-10,600519.SH,1468.25,1475.32,1454.58,1471.34,31369.0,4758789260.0
2025-03-11,600519.SH,1465.44,1497.12,1460.44,1497.12,39776.0,6094007854.0
2025-03-12,600519.SH,1495.4,1498.12,1474.79,1491.02,29604.0,4552923644.0
2025-03-13,600519.SH,1492.44,1503.94,1479.32,1486.21,25724.0,3966369271.0
2025-03-14,600519.SH,1496.1,1576.45,1489.44,1576.45,92913.0,14882842708.0
2025-03-17,600519.SH,1605.44,1606.43,1575.32,1586.3,54689.0,8985138902.0
2025-03-18,600519.SH,1593.48,1600.44,1570.14,1572.44,31613.0,5153210436.0
2025-03-19,600519.SH,1572.73,1596.44,1571.44,1584.15,27390.0,4477128770.0
2025-03-20,600519.SH,1584.15,1586.04,1543.51,1552.44,36737.0,5903879207.0
2025-03-21,600519.SH,1547.44,1560.64,1517.27,1522.19,33614.0,5324973190.0
2025-03-24,600519.SH,1518.44,1538.1,1510.82,1531.44,25566.0,4032223482.0
2025-03-25,600519.SH,1536.44,1541.24,1515.1,1523.94,17674.0,2783286813.0
2025-03-26,600519.SH,1521.21,1531.02,1519.44,1524.44,14324.0,2257639750.0
2025-03-27,600519.SH,1524.44,1546.69,1521.82,1537.44,17956.0,2848889210.0
2025-03-28,600519.SH,1539.37,1541.44,1524.44,1533.65,16228.0,2569470015.0
2025-03-31,600519.SH,1529.42,1535.4,1508.5,1509.44,21085.0,3311857714.0
2025-04-01,600519.SH,1512.44,1518.33,1500.65,1504.46,18556.0,2893739955.0
2025-04-02,600519.SH,1506.44,1516.24,1493.94,1497.46,21674.0,3371883024.0
2025-04-03,600519.SH,1478.44,1534.44,1477.45,1517.32,35481.0,5557442052.0
2025-04-07,600519.SH,1468.45,1485.29,1410.44,1448.44,101953.0,15314738235.0
2025-04-08,600519.SH,1461.44,1493.44,1443.44,1493.44,73876.0,11226977557.0
2025-04-09,600519.SH,1473.46,1505.24,1468.99,1489.48,55630.0,8562928225.0
2025-04-10,600519.SH,1499.43,1503.44,1476.44,1497.44,38620.0,5963650791.0
2025-04-11,600519.SH,1528.41,1528.41,1493.44,1517.42,32634.0,5087359924.0
2025-04-14,600519.SH,1509.41,1514.44,1499.97,1500.43,21711.0,3379425640.0
2025-04-15,600519.SH,1500.44,1513.44,1493.44,1506.44,21489.0,3339942729.0
2025-04-16,600519.SH,1500.44,1524.44,1485.44,1507.61,31156.0,4834880596.0
2025-04-17,600519.SH,1502.44,1524.94,1498.43,1518.44,23846.0,3733924973.0
2025-04-18,600519.SH,1514.44,1523.44,1504.44,1514.38,20298.0,3179974340.0
2025-04-21,600519.SH,1513.94,1513.94,1499.44,1499.44,18057.0,2808158177.0
2025-04-22,600519.SH,1498.44,1504.74,1491.65,1497.24,18432.0,2857525967.0
2025-04-23,600519.SH,1507.44,1507.66,1493.44,1500.44,18669.0,2895468892.0
2025-04-24,600519.SH,1500.44,1509.12,1497.42,1500.69,14872.0,2313372072.0
2025-04-25,600519.SH,1505.54,1509.64,1498.44,1498.44,14765.0,2295029705.0
2025-04-28,600519.SH,1500.44,1503.44,1495.04,1498.44,14660.0,2274252465.0
2025-04-29,600519.SH,1498.44,1500.98,1480.46,1492.44,18922.0,2917422938.0
2025-04-30,600519.SH,1498.43,1515.1,1494.74,1495.44,25754.0,4005439429.0
2025-05-06,600519.SH,1507.44,1507.44,1492.77,1498.64,18300.0,2838614215.0
2025-05-07,600519.SH,1518.44,1518.44,1498.64,1503.44,27462.0,4275142569.0
2025-05-08,600519.SH,1501.44,1541.22,1498.27,1526.63,33481.0,5265446444.0
2025-05-09,600519.SH,1527.43,1545.89,1523.49,1539.62,23672.0,3757574546.0
2025-05-12,600519.SH,1546.44,1567.37,1545.05,1552.94,24735.0,3967785800.0
2025-05-13,600519.SH,1557.36,1557.36,1533.55,1538.74,21258.0,3386617848.0
2025-05-14,600519.SH,1538.44,1593.44,1536.62,1583.43,39460.0,6394735058.0
2025-05-15,600519.SH,1583.24,1592.03,1572.57,1580.45,24733.0,4043402636.0
2025-05-16,600519.SH,1582.43,1585.43,1562.57,1562.57,22935.0,3714508659.0
2025-05-19,600519.SH,1544.44,1548.44,1522.32,1527.42,38063.0,6021950010.0
2025-05-20,600519.SH,1528.44,1543.24,1523.54,1534.44,19522.0,3095742637.0
2025-05-21,600519.SH,1533.44,1544.38,1529.41,1529.41,19795.0,3143941416.0
2025-05-22,600519.SH,1529.43,1533.43,1518.54,1528.44,15090.0,2381236586.0
2025-05-23,600519.SH,1523.64,1536.34,1520.1,1521.04,21537.0,3399424961.0
2025-05-26,600519.SH,1518.44,1523.07,1493.44,1498.94,27087.0,4212944430.0
2025-05-27,600519.SH,1499.44,1507.04,1491.95,1492.34,17752.0,2748945675.0
2025-05-28,600519.SH,1492.43,1494.9,1481.44,1485.44,16266.0,2504624605.0
2025-05-29,600519.SH,1488.44,1503.44,1480.44,1488.44,21860.0,3375465796.0
2025-05-30,600519.SH,1488.59,1493.44,1463.68,1470.44,31239.0,4764875947.0
2025-06-03,600519.SH,1456.45,1467.44,1453.46,1457.44,28979.0,4377892799.0
2025-06-04,600519.SH,1458.94,1471.44,1457.66,1458.4,23008.0,3480363797.0
2025-06-05,600519.SH,1462.44,1464.44,1450.64,1462.44,23214.0,3504925524.0
2025-06-06,600519.SH,1462.24,1467.41,1451.44,1454.83,25023.0,3777727616.0
2025-06-09,600519.SH,1453.46,1457.14,1434.12,1434.55,44959.0,6723839138.0
2025-06-10,600519.SH,1434.44,1440.44,1423.24,1423.45,30492.0,4511934584.0
2025-06-11,600519.SH,1425.24,1442.44,1424.54,1428.44,30893.0,4585522755.0
2025-06-12,600519.SH,1428.44,1432.31,1402.54,1407.44,49904.0,7306800800.0
2025-06-13,600519.SH,1392.85,1398.41,1373.5,1375.39,59113.0,8466515559.0
2025-06-16,600519.SH,1349.64,1373.48,1349.62,1370.73,42888.0,6060448438.0
2025-06-17,600519.SH,1368.44,1375.44,1360.62,1375.44,27232.0,3868364671.0
2025-06-18,600519.SH,1388.44,1391.88,1369.45,1373.44,30761.0,4404131364.0
2025-06-19,600519.SH,1374.44,1382.11,1365.62,1374.44,24501.0,3490268568.0
2025-06-20,600519.SH,1372.02,1389.58,1368.64,1377.1,34816.0,4990683314.0
2025-06-23,600519.SH,1368.44,1381.44,1353.62,1368.44,26723.0,3794012343.0
2025-06-24,600519.SH,1371.79,1400.12,1371.79,1385.64,36312.0,5229183514.0
2025-06-25,600519.SH,1387.55,1397.64,1368.95,1384.3,41050.0,5869292227.0
2025-06-26,600519.SH,1391.04,1404.04,1386.12,1396.04,34860.0,4955829982.0
2025-06-27,600519.SH,1396.05,1399.04,1379.13,1379.13,38250.0,5404312675.0
2025-06-30,600519.SH,1379.54,1389.27,1378.04,1385.56,30457.0,4287373691.0
2025-07-01,600519.SH,1385.04,1387.98,1379.35,1381.14,19878.0,2794423203.0
2025-07-02,600519.SH,1385.54,1390.84,1376.04,1385.64,26218.0,3689246316.0
2025-07-03,600519.SH,1388.04,1398.73,1384.04,1391.64,24413.0,3456733002.0
2025-07-04,600519.SH,1391.74,1407.93,1386.05,1398.26,28767.0,4086547268.0
2025-07-07,600519.SH,1398.32,1399.54,1386.05,1386.74,23855.0,3370562659.0
2025-07-08,600519.SH,1386.75,1396.04,1386.74,1392.15,18674.0,2643302691.0
2025-07-09,600519.SH,1391.04,1406.01,1390.21,1394.92,27745.0,3950810723.0
2025-07-10,600519.SH,1395.01,1412.22,1386.44,1402.54,38725.0,5503329754.0
2025-07-11,600519.SH,1399.2,1434.04,1399.2,1403.04,57243.0,8239010390.0
2025-07-14,600519.SH,1406.04,1411.02,1397.64,1399.64,27781.0,3961736006.0
2025-07-15,600519.SH,1397.02,1398.97,1384.36,1387.04,35406.0,5005150165.0
2025-07-16,600519.SH,1386.05,1393.53,1385.99,1387.07,21286.0,3006882579.0
2025-07-17,600519.SH,1390.02,1399.05,1388.92,1392.39,23106.0,3273100406.0
2025-07-18,600519.SH,1396.04,1413.85,1392.42,1413.04,41823.0,5984949774.0
2025-07-21,600519.SH,1413.03,1422.84,1411.04,1419.04,26203.0,3779891829.0
2025-07-22,600519.SH,1420.04,1442.64,1416.72,1441.02,42119.0,6127636851.0
2025-07-23,600519.SH,1445.04,1471.04,1444.99,1451.54,45045.0,6676301462.0
2025-07-24,600519.SH,1452.04,1475.04,1451.04,1467.54,38804.0,5786337377.0
2025-07-25,600519.SH,1467.44,1467.44,1429.04,1431.04,41911.0,6140078741.0
2025-07-28,600519.SH,1429.04,1431.03,1412.34,1414.7,38586.0,5560966386.0
2025-07-29,600519.SH,1415.64,1424.83,1411.05,1415.04,26304.0,3785848102.0
2025-07-30,600519.SH,1420.04,1433.2,1413.04,1425.48,31868.0,4612883040.0
2025-07-31,600519.SH,1419.04,1420.91,1394.04,1397.71,51798.0,7386302758.0
2025-08-01,600519.SH,1397.91,1402.0,1390.04,1393.04,29636.0,4200850790.0
2025-08-04,600519.SH,1391.04,1395.84,1390.04,1395.04,18688.0,2647105740.0
2025-08-05,600519.SH,1397.04,1405.98,1393.15,1403.78,25342.0,3607931488.0
2025-08-06,600519.SH,1405.04,1405.04,1395.34,1399.92,23699.0,3372334940.0
2025-08-07,600519.SH,1399.92,1403.74,1396.1,1398.39,28001.0,3988765795.0
2025-08-08,600519.SH,1399.09,1402.54,1394.04,1397.01,18655.0,2651478118.0
2025-08-11,600519.SH,1399.54,1428.03,1399.04,1421.04,47159.0,6794034090.0
2025-08-12,600519.SH,1425.04,1441.11,1412.04,1413.08,42019.0,6095342036.0
2025-08-13,600519.SH,1401.04,1409.72,1396.04,1396.09,65528.0,9325460101.0
2025-08-14,600519.SH,1396.98,1423.55,1396.98,1403.03,48129.0,6897535330.0
2025-08-15,600519.SH,1402.05,1404.7,1396.26,1398.12,47582.0,6772436997.0
2025-08-18,600519.SH,1403.03,1412.68,1399.14,1404.54,47378.0,6773477871.0
2025-08-19,600519.SH,1409.54,1422.7,1408.04,1414.04,46372.0,6678541001.0
2025-08-20,600519.SH,1414.04,1428.84,1406.06,1426.04,45805.0,6623095725.0
2025-08-21,600519.SH,1429.49,1431.03,1419.69,1424.29,30891.0,4470441662.0
2025-08-22,600519.SH,1424.92,1440.04,1420.81,1439.99,44971.0,6544867368.0
2025-08-25,600519.SH,1446.05,1472.04,1442.04,1466.37,65325.0,9676719498.0
2025-08-26,600519.SH,1466.36,1470.27,1456.05,1457.65,39602.0,5883917000.0
2025-08-27,600519.SH,1457.92,1460.97,1424.04,1424.04,56006.0,8184169113.0
2025-08-28,600519.SH,1424.01,1432.14,1414.81,1422.14,39282.0,5683673273.0
2025-08-29,600519.SH,1429.04,1458.62,1428.04,1456.04,62256.0,9159701454.0
2025-09-01,600519.SH,1458.24,1464.04,1441.74,1452.14,45123.0,6658918555.0
2025-09-02,600519.SH,1454.7,1485.04,1454.04,1467.34,56688.0,8470012816.0
2025-09-03,600519.SH,1467.04,1479.54,1442.04,1456.59,45045.0,6656011145.0
2025-09-04,600519.SH,1448.04,1455.34,1436.51,1448.7,47747.0,7017084750.0
2025-09-05,600519.SH,1447.04,1463.01,1440.04,1459.04,37388.0,5519312163.0
2025-09-08,600519.SH,1459.04,1482.48,1453.54,1477.27,51383.0,7682065696.0
2025-09-09,600519.SH,1481.04,1485.99,1469.46,1481.04,35743.0,5366650005.0
2025-09-10,600519.SH,1482.7,1505.99,1472.04,1498.05,49663.0,7541460049.0
2025-09-11,600519.SH,1498.05,1502.06,1484.54,1499.54,37239.0,5642778456.0
2025-09-12,600519.SH,1502.04,1514.06,1486.57,1492.04,33722.0,5132184935.0
2025-09-15,600519.SH,1491.91,1493.52,1477.54,1491.14,25827.0,3901929718.0
2025-09-16,600519.SH,1491.14,1497.03,1472.25,1476.02,32718.0,4928374478.0
2025-09-17,600519.SH,1476.03,1486.32,1466.05,1469.04,30331.0,4534770634.0
2025-09-18,600519.SH,1468.04,1473.84,1439.54,1444.0,49721.0,7347477479.0
2025-09-19,600519.SH,1444.03,1451.54,1433.05,1444.01,32637.0,4784528851.0
2025-09-22,600519.SH,1441.13,1444.01,1426.05,1429.39,34947.0,5085057536.0
2025-09-23,600519.SH,1426.54,1433.54,1416.04,1423.46,38663.0,5588384388.0
2025-09-24,600519.SH,1410.11,1432.82,1410.11,1418.04,30744.0,4443052872.0
2025-09-25,600519.SH,1418.87,1421.25,1412.04,1415.04,33870.0,4873274661.0
2025-09-26,600519.SH,1417.22,1423.15,1404.05,1411.04,45121.0,6480889597.0
2025-09-29,600519.SH,1415.42,1446.03,1411.04,1436.9,53684.0,7798434586.0
2025-09-30,600519.SH,1436.04,1436.8,1416.04,1420.03,39364.0,5687474876.0
2025-10-09,600519.SH,1412.04,1415.42,1396.04,1412.82,54918.0,7845448947.0
2025-10-10,600519.SH,1413.64,1415.98,1403.54,1406.04,36001.0,5157459262.0
2025-10-13,600519.SH,1391.74,1398.89,1391.16,1395.24,46069.0,6533147458.0
2025-10-14,600519.SH,1406.03,1440.04,1406.03,1427.06,66672.0,9639484605.0
2025-10-15,600519.SH,1427.02,1439.04,1421.12,1438.04,42785.0,6233407482.0
2025-10-16,600519.SH,1437.96,1460.99,1434.92,1460.95,45730.0,6749162949.0
2025-10-17,600519.SH,1459.14,1464.04,1430.07,1431.04,38086.0,5594724900.0
2025-10-20,600519.SH,1431.04,1445.54,1430.92,1433.97,25950.0,3793283759.0
2025-10-21,600519.SH,1435.04,1445.98,1431.54,1438.3,25443.0,3727984130.0
2025-10-22,600519.SH,1438.12,1441.77,1432.04,1434.74,18195.0,2657486636.0
2025-10-23,600519.SH,1431.04,1444.84,1423.24,1444.02,29322.0,4274652090.0
2025-10-24,600519.SH,1443.99,1454.92,1425.38,1426.04,38226.0,5578603148.0
2025-10-27,600519.SH,1416.04,1428.53,1412.03,1416.45,37102.0,5352667152.0
2025-10-28,600519.SH,1418.04,1427.24,1417.14,1421.04,27124.0,3923817140.0
2025-10-29,600519.SH,1416.06,1422.59,1406.08,1407.94,33937.0,4868780319.0
2025-10-30,600519.SH,1397.85,1412.67,1397.85,1402.78,47456.0,6768821311.0
2025-10-31,600519.SH,1398.04,1412.02,1396.15,1406.05,35694.0,5109623861.0
2025-11-03,600519.SH,1407.04,1424.04,1396.14,1411.04,34548.0,4945310830.0
2025-11-04,600519.SH,1411.14,1411.82,1399.82,1405.04,26566.0,3793892903.0
2025-11-05,600519.SH,1401.93,1407.03,1396.05,1396.12,34475.0,4908475373.0
2025-11-06,600519.SH,1406.04,1417.49,1406.03,1411.17,38348.0,5505960415.0
2025-11-07,600519.SH,1411.15,1415.82,1407.15,1409.37,18861.0,2704995856.0
2025-11-10,600519.SH,1411.04,1439.73,1411.02,1438.34,49452.0,7181246441.0
2025-11-11,600519.SH,1438.04,1438.22,1423.04,1435.03,26692.0,3882776772.0
2025-11-12,600519.SH,1436.02,1454.4,1435.25,1441.19,32992.0,4849073051.0
2025-11-13,600519.SH,1438.16,1449.62,1434.04,1446.42,31179.0,4569178269.0
2025-11-14,600519.SH,1446.04,1454.99,1432.34,1432.64,27473.0,4031007106.0
2025-11-17,600519.SH,1430.04,1449.04,1421.83,1447.04,34462.0,5035780027.0
2025-11-18,600519.SH,1446.74,1462.11,1445.04,1452.04,34205.0,5055675474.0
2025-11-19,600519.SH,1450.04,1455.57,1446.0,1447.05,22045.0,3249449214.0
2025-11-20,600519.SH,1448.04,1455.94,1441.07,1443.15,24002.0,3531653943.0
2025-11-21,600519.SH,1446.54,1456.04,1432.04,1442.64,42607.0,6259873433.0
2025-11-24,600519.SH,1443.04,1447.04,1427.17,1428.04,33607.0,4901903705.0
2025-11-25,600519.SH,1434.04,1434.04,1420.54,1420.69,28441.0,4119930011.0
2025-11-26,600519.SH,1424.92,1429.53,1419.62,1425.19,20306.0,2938818095.0
2025-11-27,600519.SH,1425.54,1426.04,1415.08,1423.34,22287.0,3216797187.0
2025-11-28,600519.SH,1422.54,1431.54,1419.04,1426.54,23211.0,3366696622.0
2025-12-01,600519.SH,1427.04,1438.31,1418.04,1424.04,27333.0,3961994999.0
2025-12-02,600519.SH,1424.04,1427.96,1411.06,1412.07,25047.0,3607543825.0
2025-12-03,600519.SH,1411.85,1412.01,1404.04,1405.14,23573.0,3370080066.0
2025-12-04,600519.SH,1405.14,1408.54,1394.42,1400.02,29075.0,4134921902.0
2025-12-05,600519.SH,1400.02,1409.13,1395.54,1406.05,25402.0,3622681597.0
2025-12-08,600519.SH,1405.24,1412.71,1394.04,1394.26,33603.0,4789155770.0
2025-12-09,600519.SH,1394.27,1397.04,1376.09,1377.05,42634.0,5995722121.0
2025-12-10,600519.SH,1376.04,1378.84,1359.22,1378.84,33133.0,4625906139.0
2025-12-11,600519.SH,1382.7,1388.03,1377.59,1388.03,22385.0,3149974074.0
2025-12-12,600519.SH,1394.04,1401.04,1389.61,1396.69,37159.0,5273563274.0
2025-12-15,600519.SH,1415.63,1416.03,1401.61,1402.04,33359.0,4774362060.0
2025-12-16,600519.SH,1402.24,1404.82,1391.04,1398.04,23964.0,3403139194.0
2025-12-17,600519.SH,1401.04,1415.98,1393.72,1409.14,31382.0,4489482138.0
2025-12-18,600519.SH,1409.54,1414.92,1402.15,1407.04,17830.0,2551177659.0
2025-12-19,600519.SH,1410.0,1412.45,1401.01,1410.0,26509.0,3733028357.0
2025-12-22,600519.SH,1410.0,1414.14,1406.58,1408.26,20426.0,2881636856.0
2025-12-23,600519.SH,1408.26,1412.93,1397.19,1407.86,24507.0,3445377032.0
2025-12-24,600519.SH,1404.99,1406.36,1400.0,1400.9,25187.0,3533253565.0
2025-12-25,600519.SH,1405.0,1419.48,1401.38,1414.17,23386.0,3299572096.0
2025-12-26,600519.SH,1414.17,1419.14,1410.0,1414.13,17803.0,2520605635.0
2025-12-29,600519.SH,1414.13,1414.13,1401.0,1402.0,26308.0,3694660107.0
2025-12-30,600519.SH,1401.0,1401.9,1386.0,1389.72,33792.0,4702489813.0
2025-12-31,600519.SH,1390.0,1394.0,1377.17,1377.18,34766.0,4799456452.0
2026-01-05,600519.SH,1385.0,1431.88,1385.0,1426.0,70949.0,10018086372.0
2026-01-06,600519.SH,1432.55,1436.97,1416.53,1428.01,39586.0,5649710153.0
2026-01-07,600519.SH,1432.88,1435.0,1420.2,1423.36,29684.0,4234255286.0
2026-01-08,600519.SH,1423.33,1423.36,1408.14,1412.3,29135.0,4117925041.0
2026-01-09,600519.SH,1417.0,1428.6,1416.01,1419.1,29848.0,4243865418.0
2026-01-12,600519.SH,1419.1,1431.0,1417.1,1423.23,36083.0,5135636033.0
2026-01-13,600519.SH,1426.79,1429.52,1408.99,1411.0,39169.0,5555633779.0
2026-01-14,600519.SH,1411.0,1422.25,1396.18,1398.01,51758.0,7285041159.0
2026-01-15,600519.SH,1396.02,1402.83,1388.58,1388.89,40907.0,5698739671.0
2026-01-16,600519.SH,1395.0,1397.5,1380.0,1382.0,55121.0,7643061998.0
2026-01-19,600519.SH,1381.9,1387.49,1375.0,1376.0,42286.0,5833745442.0
2026-01-20,600519.SH,1379.5,1381.58,1372.05,1373.55,36484.0,5021900765.0
2026-01-21,600519.SH,1373.56,1374.4,1350.0,1351.06,64516.0,8775880803.0
2026-01-22,600519.SH,1352.01,1361.76,1337.48,1340.06,59011.0,7962441434.0
2026-01-23,600519.SH,1340.1,1348.0,1332.47,1337.0,61949.0,8301311489.0
2026-01-26,600519.SH,1340.51,1355.0,1325.12,1342.0,80166.0,10751225525.0
2026-01-27,600519.SH,1344.98,1353.7,1338.0,1343.01,48416.0,6514513216.0
2026-01-28,600519.SH,1343.04,1346.71,1322.01,1323.69,76218.0,10135019524.0
2026-01-29,600519.SH,1335.0,1445.0,1329.06,1437.72,189534.0,26305591086.0
2026-01-30,600519.SH,1435.0,1435.0,1401.0,1401.0,94480.0,13366329414.0
2026-02-02,600519.SH,1425.0,1458.58,1411.62,1427.0,85724.0,12312646443.0
2026-02-03,600519.SH,1445.0,1476.81,1443.03,1474.92,86321.0,12628439703.0
2026-02-04,600519.SH,1485.0,1533.27,1474.0,1525.0,109123.0,16444345980.0
2026-02-05,600519.SH,1520.0,1565.0,1515.0,1555.0,91623.0,14183456476.0
2026-02-06,600519.SH,1555.0,1568.0,1505.88,1515.01,78965.0,12019878669.0
2026-02-09,600519.SH,1518.0,1542.88,1513.49,1524.96,51168.0,7809067705.0
2026-02-10,600519.SH,1524.97,1524.97,1496.5,1504.8,39576.0,5953269321.0
2026-02-11,600519.SH,1504.8,1514.0,1496.0,1504.33,30928.0,4648360030.0
2026-02-12,600519.SH,1500.2,1502.82,1473.36,1486.6,46246.0,6874370113.0
2026-02-13,600519.SH,1486.6,1507.8,1470.58,1485.3,41679.0,6216379203.0
2026-02-24,600519.SH,1521.0,1524.4,1463.6,1466.8,41913.0,6198840572.0
2026-02-25,600519.SH,1470.0,1509.66,1467.88,1491.66,36881.0,5490316149.0
2026-02-26,600519.SH,1486.6,1489.49,1464.67,1466.21,32958.0,4855471430.0
2026-02-27,600519.SH,1466.99,1476.21,1455.02,1455.02,32160.0,4697692477.0
2026-03-02,600519.SH,1450.0,1457.0,1436.66,1440.11,35454.0,5115063511.0
2026-03-03,600519.SH,1440.1,1452.87,1422.13,1426.19,45891.0,6565381648.0
2026-03-04,600519.SH,1415.0,1423.0,1392.09,1401.18,48014.0,6743267103.0
2026-03-05,600519.SH,1406.0,1412.96,1395.0,1399.04,30505.0,4276226062.0
2026-03-06,600519.SH,1395.0,1407.5,1388.0,1402.0,29154.0,4072328833.0
2026-03-09,600519.SH,1390.0,1404.9,1383.2,1397.0,37442.0,5220095639.0
2026-03-10,600519.SH,1404.9,1409.49,1398.0,1401.88,24626.0,3457808916.0
2026-03-11,600519.SH,1402.99,1405.99,1398.02,1400.0,24457.0,3425363892.0
2026-03-12,600519.SH,1395.0,1403.95,1391.01,1392.0,27586.0,3850521717.0
2026-03-13,600519.SH,1392.48,1417.62,1392.0,1413.64,33608.0,4738808558.0
2026-03-16,600519.SH,1420.0,1466.0,1420.0,1460.18,60086.0,8711525836.0
2026-03-17,600519.SH,1468.0,1498.07,1461.19,1485.0,49454.0,7347310632.0
2026-03-18,600519.SH,1489.0,1496.5,1463.15,1468.8,35551.0,5239992522.0
2026-03-19,600519.SH,1472.96,1473.0,1446.0,1452.87,30319.0,4404953481.0
2026-03-20,600519.SH,1452.96,1462.5,1439.0,1445.0,26132.0,3782818260.0
2026-03-23,600519.SH,1433.33,1435.0,1400.03,1408.07,47256.0,6669708665.0
2026-03-24,600519.SH,1416.0,1417.59,1400.18,1407.33,28562.0,4017694387.0
2026-03-25,600519.SH,1410.11,1417.87,1401.01,1410.27,26093.0,3677905549.0
2026-03-26,600519.SH,1409.0,1413.9,1400.3,1401.18,23093.0,3243387502.0
2026-03-27,600519.SH,1400.0,1426.0,1396.66,1416.02,30087.0,4257499781.0
2026-03-30,600519.SH,1407.0,1431.0,1402.52,1420.0,28685.0,4060684934.0
2026-03-31,600519.SH,1468.0,1479.93,1448.41,1450.0,61691.0,9015486797.0
2026-04-01,600519.SH,1464.49,1469.99,1452.88,1459.44,29125.0,4256185472.0
2026-04-02,600519.SH,1459.44,1464.88,1452.1,1459.88,21064.0,3071809846.0
2026-04-03,600519.SH,1459.54,1469.96,1455.0,1460.0,20194.0,2953993081.0
2026-04-07,600519.SH,1460.05,1470.0,1435.05,1440.02,24152.0,3507471653.0
2026-04-08,600519.SH,1460.0,1469.08,1452.13,1465.02,33836.0,4947937007.0
2026-04-09,600519.SH,1465.02,1465.02,1447.5,1460.49,20705.0,3012278579.0
2026-04-10,600519.SH,1459.14,1459.71,1441.1,1453.96,28866.0,4187181529.0
2026-04-13,600519.SH,1444.0,1446.5,1433.0,1443.31,25214.0,3629675490.0
2026-04-14,600519.SH,1442.6,1448.6,1435.0,1446.9,24233.0,3492544230.0
2026-04-15,600519.SH,1444.98,1470.79,1442.0,1467.5,34553.0,5049317187.0
2026-04-16,600519.SH,1467.45,1477.41,1460.0,1462.84,24513.0,3597294838.0
2026-04-17,600519.SH,1400.0,1421.0,1399.87,1407.24,96825.0,13631929446.0
2026-04-20,600519.SH,1403.0,1413.94,1400.0,1410.89,36451.0,5127146041.0
2026-04-21,600519.SH,1411.0,1419.9,1410.0,1412.01,21754.0,3074595192.0
2026-04-22,600519.SH,1415.0,1419.0,1404.98,1409.5,26916.0,3793827534.0
2026-04-23,600519.SH,1408.0,1419.7,1405.1,1419.0,37701.0,5332831151.0
2026-04-24,600519.SH,1413.1,1458.88,1413.1,1458.49,55455.0,8003410999.0
2026-04-27,600519.SH,1420.0,1420.0,1402.2,1403.2,72798.0,10239763452.0
2026-04-28,600519.SH,1402.0,1409.39,1400.11,1405.0,34004.0,4772513712.0
2026-04-29,600519.SH,1405.0,1409.75,1400.28,1401.17,34813.0,4881691348.0
2026-04-30,600519.SH,1400.0,1401.17,1380.0,1384.79,52753.0,7316111748.0
2026-05-06,600519.SH,1365.1,1379.0,1360.05,1375.0,47806.0,6550750940.0
2026-05-07,600519.SH,1375.0,1388.0,1370.01,1371.05,40461.0,5573286315.0
2026-05-08,600519.SH,1371.66,1382.77,1371.0,1371.11,18556.0,2551533070.0
